City,Population,"Violent
crime","Murder and
nonnegligent
manslaughter","Rape
(legacy
definition)2","Rape
(revised
definition)1",Robbery,"Aggravated
assault","Property
crime",Burglary,"Larceny-
theft","Motor
vehicle
theft",Arson3
"Abington Township, Lackawanna County",1750,1,0,,0,0,1,14,4,10,0,0
"Abington Township, Montgomery County",55559,63,0,,5,28,30,1146,169,952,25,4
Adamstown,1845,0,0,,0,0,0,20,4,12,4,0
"Adams Township, Butler County",12582,8,0,,0,0,8,63,11,51,1,0
"Adams Township, Cambria County",5868,0,0,,0,0,0,25,9,16,0,0
Akron,3918,6,0,,0,0,6,28,9,18,1,1
Alburtis,2390,1,0,,0,1,0,15,0,15,0,0
Aldan,4150,2,0,,1,1,0,87,4,82,1,0
Aleppo Township,1918,0,0,,0,0,0,7,0,7,0,0
Aliquippa,9323,49,1,,1,8,39,136,43,83,10,0
"Allegheny Township, Blair County",6726,29,0,,0,0,29,144,11,130,3,0
"Allegheny Township, Westmoreland County",8332,4,0,,0,2,2,100,10,90,0,0
Allentown,119277,628,12,,64,329,223,4324,1263,2724,337,10
Altoona,46103,131,2,,25,29,75,1035,259,733,43,9
Ambler,6514,12,0,,0,6,6,92,5,84,3,1
Ambridge,6963,86,0,,0,13,73,251,58,187,6,1
Amity Township,12744,3,0,,0,1,2,121,25,87,9,5
Annville Township,4852,5,0,,0,0,5,70,9,60,1,0
Armagh Township,3854,2,0,,1,0,1,9,2,7,0,0
Arnold,5076,31,0,,2,16,13,61,21,31,9,1
Ashland,2778,4,0,,0,0,4,57,16,40,1,2
Ashville,223,0,0,,0,0,0,0,0,0,0,0
Aspinwall,2796,0,0,,0,0,0,46,9,37,0,0
Aston Township,16873,7,0,,0,5,2,257,31,216,10,3
Athens,3356,4,0,,2,0,2,72,2,69,1,1
Avalon,4692,28,0,,0,0,28,105,19,80,6,0
Avis,1521,2,0,,1,0,1,5,2,3,0,0
Avondale,1431,0,0,,0,0,0,3,1,2,0,0
Avonmore Boro,992,0,0,,0,0,0,0,0,0,0,0
Baldwin Borough,19810,22,0,,2,6,14,143,29,110,4,0
Bally,1107,0,0,,0,0,0,0,0,0,0,0
Bangor,5241,25,0,,0,0,25,123,19,102,2,0
Beallsville,459,0,0,,0,0,0,0,0,0,0,0
Beaver Falls,8720,51,1,,2,17,31,407,32,364,11,1
Beaver Meadows,853,1,0,,0,0,1,8,1,7,0,0
Bedford,2778,10,0,,0,0,10,36,6,29,1,0
Bell Acres,1404,0,0,,0,0,0,2,0,2,0,0
Bellevue,8347,27,0,,1,8,18,245,59,181,5,0
Bellwood,1809,0,0,,0,0,0,34,2,32,0,0
Ben Avon,1773,2,0,,0,0,2,36,1,35,0,0
Ben Avon Heights,374,0,0,,0,0,0,7,0,7,0,0
Bensalem Township,60516,106,0,,27,58,21,2026,198,1738,90,13
Benton Area,1936,0,0,,0,0,0,20,4,16,0,0
Berlin,2065,5,0,,0,0,5,7,0,7,0,0
Bern Township,6877,9,0,,1,0,8,63,7,54,2,0
Bernville,955,0,0,,0,0,0,2,0,2,0,0
Berwick,10326,33,0,,1,3,29,401,106,284,11,1
Bessemer,1082,0,0,,0,0,0,0,0,0,0,0
Bethel Park,32392,19,0,,1,2,16,256,33,216,7,0
"Bethel Township, Armstrong County",1187,0,0,,0,0,0,0,0,0,0,0
"Bethel Township, Berks County",4125,5,0,,0,0,5,21,2,18,1,0
"Bethel Township, Delaware County",9102,19,1,,0,0,18,113,21,91,1,1
Bethlehem,75135,183,4,,27,74,78,2010,365,1601,44,7
Bethlehem Township,23873,22,0,,0,5,17,477,51,417,9,0
Biglerville4,1206,0,0,,0,0,0,12,0,11,1,0
Birdsboro,5162,6,0,,2,2,2,62,8,52,2,0
Birmingham Township,4241,1,0,,0,1,0,22,2,19,1,0
Blair Township,4573,1,0,,0,0,1,33,6,25,2,0
Blakely,6545,2,0,,0,0,2,96,17,74,5,0
Blawnox,1433,7,0,,0,0,7,11,5,6,0,0
Bloomsburg Town,14563,41,0,,9,3,29,231,56,173,2,0
Blossburg,1554,1,0,,0,0,1,9,3,6,0,0
Bonneauville,1805,1,0,,0,0,1,7,0,5,2,0
Boswell,1255,0,0,,0,0,0,0,0,0,0,0
Brackenridge,3249,2,0,,0,0,2,72,8,60,4,0
Braddock Hills,1876,4,0,,2,0,2,28,3,25,0,0
Bradford,8660,89,0,,4,0,85,320,41,269,10,0
Bradford Township,4834,12,0,,2,1,9,49,5,39,5,0
"Brecknock Township, Berks County",4614,1,0,,0,0,1,20,10,9,1,0
Brentwood,9613,28,0,,0,6,22,239,22,201,16,0
Briar Creek Township,3020,1,0,,0,0,1,70,15,53,2,0
Bridgeport,4574,4,0,,0,0,4,127,23,101,3,0
Bridgeville,5140,5,0,,0,0,5,69,11,57,1,0
Bridgewater,702,8,0,,0,1,7,31,9,21,1,0
Bristol,9674,28,0,,1,17,10,310,55,246,9,2
Bristol Township,54456,84,2,,6,58,18,1464,247,1127,90,9
Brockway,2048,10,0,,0,1,9,51,3,48,0,0
Brookhaven,8049,16,0,,1,9,6,167,18,143,6,1
Brookville,3878,5,0,,2,0,3,81,2,79,0,1
Brownsville,2309,10,0,,0,8,2,45,8,34,3,0
Bryn Athyn,1402,0,0,,0,0,0,10,2,8,0,0
Buckingham Township,20396,2,0,,1,0,1,97,13,82,2,0
Buffalo Township,7314,11,0,,0,1,10,36,8,28,0,0
Buffalo Valley Regional,12144,7,0,,0,1,6,81,17,64,0,0
Burgettstown,1374,4,0,,3,0,1,29,11,17,1,1
"Butler Township, Butler County",17095,15,0,,2,4,9,361,24,329,8,0
"Butler Township, Luzerne County",9427,34,0,,1,0,33,152,35,116,1,0
"Butler Township, Schuylkill County",5850,0,0,,0,0,0,22,10,11,1,0
"Caernarvon Township, Berks County",4030,18,0,,0,0,18,89,12,73,4,0
California,7267,21,0,,3,7,11,107,18,87,2,2
Callery,389,0,0,,0,0,0,0,0,0,0,0
Caln Township,14090,71,1,,1,4,65,329,24,295,10,0
Cambria Township,6025,1,0,,0,0,1,85,6,76,3,0
Cambridge Springs,2383,1,0,,0,1,0,6,0,6,0,0
Canton,1998,2,0,,0,0,2,33,7,24,2,0
Carbondale,8869,11,0,,1,4,6,131,42,77,12,0
Carrolltown,836,1,0,,0,0,1,14,5,9,0,0
"Carroll Township, Washington County",5621,8,0,,0,0,8,57,8,47,2,0
"Carroll Township, York County",6074,3,1,,0,0,2,67,15,50,2,0
Carroll Valley4,3896,2,0,,1,1,0,71,17,54,0,0
Castle Shannon,8301,8,0,,0,1,7,71,12,59,0,0
Catasauqua,6510,2,0,,0,0,2,103,15,78,10,0
Catawissa,1527,4,0,,2,1,1,17,7,10,0,0
Cecil Township,11683,5,0,,0,0,5,67,15,52,0,0
Center Township,11775,25,0,,0,3,22,435,30,404,1,0
Centerville,3236,2,0,,0,0,2,24,10,13,1,3
Central Berks Regional,9493,13,0,,2,4,7,150,35,105,10,3
Chalfont,4066,0,0,,0,0,0,19,1,18,0,0
Chambersburg,20381,86,0,,3,46,37,810,127,660,23,1
Charleroi Regional,6756,51,0,,3,11,37,350,74,265,11,5
Chartiers Township,7938,5,0,,1,0,4,91,16,73,2,0
Cheltenham Township,36903,88,1,,1,64,22,939,186,723,30,1
Cherry Tree,355,0,0,,0,0,0,0,0,0,0,0
Chester,34037,731,22,,29,236,444,1181,354,697,130,21
Chester Township,4132,55,1,,2,6,46,133,53,71,9,1
Chippewa Township,8152,3,0,,0,2,1,249,18,228,3,0
Christiana,1172,1,0,,0,0,1,25,9,15,1,0
Churchill,3007,11,0,,0,0,11,35,9,24,2,0
Clarion,5117,5,0,,1,2,2,68,8,54,6,1
Clarks Summit,6588,7,0,,0,0,7,38,9,29,0,0
Clearfield,6108,26,0,,2,4,20,233,17,212,4,1
Cleona,2119,2,0,,0,2,0,20,3,17,0,0
Clifton Heights,6654,68,0,,2,11,55,170,22,141,7,3
Coaldale,2238,0,0,,0,0,0,3,3,0,0,0
Coal Township,10417,21,0,,1,0,20,304,50,245,9,2
Coatesville,13144,140,0,,0,62,78,360,76,225,59,9
Cochranton,1114,1,0,,0,1,0,3,3,0,0,0
Collegeville,5161,1,0,,0,0,1,65,7,58,0,0
Collier Township,7543,6,0,,1,0,5,201,18,181,2,0
Colonial Regional,19575,7,0,,2,4,1,530,61,463,6,0
Columbia,10375,24,1,,2,8,13,225,60,154,11,3
"Conemaugh Township, Cambria County",1966,3,0,,0,0,3,3,0,2,1,0
"Conemaugh Township, Somerset County",7175,4,0,,1,1,2,45,18,27,0,0
"Conewago Township, Adams County",7099,6,0,,4,1,1,89,6,82,1,0
Conewango Township,3495,12,0,,1,1,10,122,10,111,1,0
Conneaut Lake Regional,3538,0,0,,0,0,0,43,8,33,2,1
Connellsville,7567,26,0,,4,14,8,357,85,260,12,0
Conoy Township,3391,2,0,,0,1,1,28,14,14,0,0
Conshohocken,7875,14,0,,0,3,11,160,15,139,6,0
Conway,2164,3,0,,0,1,2,14,5,9,0,1
Conyngham,1907,0,0,,0,0,0,7,2,5,0,0
"Conyngham Township, Columbia County",754,4,0,,0,0,4,3,0,3,0,0
Coopersburg,2406,4,0,,0,1,3,19,2,16,1,0
Coplay,3228,1,0,,0,0,1,69,12,55,2,0
Coraopolis,5661,43,1,,1,4,37,128,12,112,4,0
Cornwall,4188,1,0,,0,0,1,4,1,3,0,0
Corry,6546,33,0,,1,1,31,308,59,247,2,2
Coudersport,2554,0,0,,0,0,0,10,1,9,0,0
Courtdale,735,3,0,,0,1,2,7,2,4,1,0
Covington Township,2330,1,0,,0,0,1,40,11,28,1,0
Cranberry Township,29062,17,0,,3,4,10,430,18,409,3,1
Crescent Township,2643,7,0,,0,0,7,39,14,24,1,0
Cresson,1668,3,0,,0,1,2,18,2,16,0,0
Cresson Township,4278,2,0,,1,1,0,13,4,9,0,0
Croyle Township,2304,0,0,,0,0,0,16,1,14,1,0
"Cumberland Township, Adams County",6169,3,0,,0,0,3,52,15,33,4,0
"Cumberland Township, Greene County",6493,18,0,,0,1,17,173,17,148,8,2
Cumru Township,15222,17,0,,1,11,5,240,45,182,13,2
Curwensville,2499,17,0,,0,1,16,49,7,41,1,0
Dallas4,2808,0,0,,0,0,0,13,2,8,3,0
Dallas Township,9075,5,0,,4,0,1,88,27,57,4,0
Dalton,1233,1,0,,0,0,1,20,6,14,0,0
Danville,4648,28,0,,0,0,28,99,7,91,1,1
Darby,10680,466,1,,87,80,298,525,174,304,47,5
Darby Township,9274,53,0,,0,11,42,278,36,240,2,1
Darlington Township,1966,1,0,,0,0,1,31,14,16,1,0
Decatur Township,4519,8,1,,0,0,7,45,9,33,3,0
Delano Township,438,0,0,,0,0,0,0,0,0,0,0
Delmont,2652,0,0,,0,0,0,22,3,18,1,0
"Derry Township, Dauphin County",24838,35,1,,1,10,23,465,72,386,7,4
Dickson City,6061,25,0,,0,4,21,248,14,230,4,1
Donora,4735,12,0,,0,1,11,64,13,50,1,1
Dormont,8573,22,0,,1,3,18,78,20,53,5,0
"Douglass Township, Berks County",3337,2,0,,0,0,2,32,9,22,1,0
"Douglass Township, Montgomery County",10345,25,0,,3,2,20,131,14,109,8,0
Doylestown,8361,14,1,,0,1,12,179,26,148,5,1
Doylestown Township,17575,10,0,,4,0,6,176,20,155,1,1
Dublin Borough,2155,3,0,,0,0,3,20,2,18,0,0
Du Bois,7685,24,0,,3,4,17,220,30,185,5,0
Dunbar,1029,3,0,,1,0,2,7,0,7,0,0
Dunmore,14074,10,0,,0,2,8,145,20,122,3,1
Dunnstable Township,1017,0,0,,0,0,0,7,6,1,0,0
Dupont,2718,9,0,,1,0,8,51,4,44,3,0
Duquesne,5555,55,2,,6,31,16,260,95,146,19,4
Duryea,4936,4,0,,1,0,3,145,43,92,10,0
Earl Township,7130,2,0,,1,0,1,48,9,36,3,0
East Berlin,1521,0,0,,0,0,0,0,0,0,0,0
East Bethlehem Township,2331,5,0,,0,1,4,40,5,34,1,0
East Brandywine Township,7461,10,0,,1,1,8,84,4,76,4,0
East Cocalico Township,10399,3,0,,0,0,3,140,28,101,11,1
East Conemaugh,1503,0,0,,0,0,0,18,3,15,0,0
East Coventry Township,6765,1,0,,0,0,1,51,7,44,0,0
East Deer Township,1494,2,0,,0,0,2,31,4,26,1,0
East Earl Township4,6659,1,0,,1,0,0,86,12,70,4,0
Eastern Adams Regional,7315,1,0,,0,1,0,45,1,43,1,0
Eastern Pike Regional,4715,7,0,,3,1,3,220,14,203,3,0
East Fallowfield Township,7549,6,1,,0,1,4,93,35,53,5,1
East Hempfield Township,23935,26,0,,11,4,11,450,68,371,11,0
East Lampeter Township,16780,19,1,,0,12,6,805,54,740,11,2
East Lansdowne,2661,29,0,,1,7,21,96,20,73,3,0
East Marlborough Township,7196,0,0,,0,0,0,12,2,10,0,0
East Norriton Township,14107,22,0,,3,6,13,361,20,336,5,1
East Norwegian Township4,852,0,0,,0,0,0,1,0,0,1,0
Easton,27001,96,2,,14,35,45,724,142,542,40,7
East Penn Township,2859,0,0,,0,0,0,27,6,21,0,0
East Petersburg,4515,1,0,,0,1,0,65,5,59,1,0
East Pikeland Township,7300,3,0,,0,2,1,58,8,49,1,0
East Pittsburgh,1818,57,1,,2,4,50,70,19,47,4,0
East Rochester,560,4,0,,0,2,2,45,3,41,1,0
East Taylor Township,2661,2,0,,1,0,1,27,8,19,0,0
Easttown Township,10564,10,0,,1,0,9,92,20,69,3,0
East Union Township,1615,0,0,,0,0,0,0,0,0,0,0
East Vincent Township,6858,4,0,,0,2,2,42,9,32,1,0
East Washington,2218,15,0,,0,0,15,51,12,36,3,0
East Whiteland Township,10654,2,0,,0,0,2,126,9,116,1,0
Ebensburg,3279,7,0,,1,2,4,44,5,36,3,1
Economy4,9107,0,0,,0,0,0,49,11,35,3,0
Eddystone,2410,20,0,,0,5,15,254,14,236,4,0
Edgewood,3107,12,0,,0,4,8,185,5,177,3,0
Edgeworth,1682,2,0,,0,0,2,0,0,0,0,0
Edinboro,6450,6,0,,1,1,4,88,17,70,1,0
Edwardsville,4798,44,0,,1,4,39,253,23,227,3,1
Elizabethtown,11562,8,0,,2,2,4,155,22,131,2,0
Elizabeth Township,13298,11,0,,1,2,8,171,36,134,1,0
Elkland,1835,0,0,,0,0,0,12,0,12,0,0
Ellwood City,7739,25,1,,1,6,17,162,35,126,1,1
Emlenton Borough,612,0,0,,0,0,0,1,0,1,0,0
Emmaus,11338,7,1,,1,3,2,209,37,167,5,0
Emporium,1995,1,0,,0,0,1,23,3,20,0,1
Emsworth,2447,1,0,,0,0,1,28,0,28,0,0
Ephrata,13541,28,0,,3,5,20,247,40,199,8,0
Ephrata Township,10140,11,0,,1,2,8,206,17,186,3,2
Erie,100814,457,3,,60,175,219,3208,1017,2093,98,24
Etna,3440,9,0,,0,0,9,81,15,62,4,2
Everett,1786,3,0,,0,0,3,24,2,22,0,0
"Exeter Township, Berks County",25749,14,0,,4,4,6,455,58,388,9,0
Fairfield4,506,0,0,,0,0,0,9,0,8,1,0
"Fairview Township, Luzerne County",4525,0,0,,0,0,0,37,10,27,0,0
"Fairview Township, York County",16915,26,0,,3,4,19,275,51,217,7,2
"Falls Township, Bucks County",34234,46,0,,5,23,18,874,89,739,46,1
Fawn Township,2380,3,0,,0,0,3,27,9,18,0,0
Fayette City,591,0,0,,0,0,0,3,0,3,0,0
Ferguson Township,17807,14,0,,2,2,10,122,28,92,2,0
Ferndale,1592,5,0,,0,1,4,1,1,0,0,0
Findlay Township,5201,3,0,,2,0,1,44,7,36,1,1
Fleetwood,4086,5,0,,0,0,5,93,23,68,2,0
Ford City,2938,4,0,,0,0,4,32,2,28,2,0
Forest City,1859,3,0,,0,0,3,25,4,21,0,1
Forest Hills,6510,10,0,,0,3,7,89,21,68,0,0
Forks Township,15131,3,0,,0,0,3,125,11,109,5,1
Forty Fort,4186,5,1,,1,1,2,61,9,49,3,0
Forward Township,3375,1,0,,0,0,1,54,8,45,1,1
"Foster Township, McKean County",4287,4,1,,1,1,1,27,2,25,0,0
"Foster Township, Schuylkill County",253,0,0,,0,0,0,0,0,0,0,0
Fountain Hill,4631,17,0,,2,2,13,145,20,123,2,2
Fox Chapel,5415,1,0,,0,0,1,16,4,12,0,0
Frackville,3757,10,0,,2,0,8,19,1,17,1,0
Franconia Township,13245,5,0,,1,0,4,100,15,80,5,0
Franklin,6415,8,0,,1,1,6,180,30,146,4,1
Franklin Park,14027,3,0,,0,0,3,59,4,55,0,0
"Franklin Township, Carbon County",4236,11,0,,2,1,8,49,12,37,0,0
Frazer Township,1155,0,0,,0,0,0,113,0,112,1,0
Freedom,1553,9,0,,1,0,8,45,6,35,4,0
Freeland,3509,16,0,,1,3,12,127,43,80,4,0
Freemansburg,2624,3,0,,1,0,2,83,18,64,1,0
Freeport,1785,5,0,,0,0,5,11,1,10,0,0
Galeton,1157,0,0,,0,0,0,11,3,8,0,0
Gallitzin Township,1303,0,0,,0,0,0,0,0,0,0,0
Geistown,2410,0,0,,0,0,0,47,13,31,3,0
Gettysburg,7653,27,0,,8,8,11,141,28,110,3,2
Gilberton,759,0,0,,0,0,0,0,0,0,0,0
Girard,3068,7,0,,0,1,6,32,1,31,0,0
Girardville,1501,2,0,,0,0,2,2,1,1,0,0
Glassport,4466,22,0,,1,11,10,139,27,103,9,2
Granville Township,5108,2,0,,0,0,2,127,10,116,1,0
Great Bend,713,0,0,,0,0,0,9,2,7,0,0
Greencastle4,4025,2,0,,0,0,2,64,6,57,1,0
"Greenfield Township, Blair County",4165,1,0,,0,0,1,96,10,84,2,0
Greensburg,14689,26,0,,4,4,18,334,50,282,2,1
Green Tree,4431,14,0,,0,0,14,68,13,55,0,2
Greenville,5890,24,0,,4,3,17,116,45,67,4,0
Grove City,8206,3,0,,0,0,3,78,18,59,1,0
Hamburg,4283,14,0,,2,2,10,93,15,74,4,0
Hampton Township,18478,14,0,,0,2,12,111,14,95,2,0
Hanover,15362,24,1,,1,8,14,505,36,465,4,0
"Hanover Township, Luzerne County",11075,31,0,,3,9,19,293,66,208,19,2
Harmony Township,3157,7,0,,1,1,5,53,11,39,3,0
Harrisville,900,0,0,,0,0,0,1,1,0,0,0
Harveys Lake,2800,2,0,,0,0,2,39,6,32,1,0
Hatboro,7387,2,0,,0,2,0,72,7,62,3,0
Hatfield Township,20890,17,1,,3,6,7,252,37,203,12,1
Haverford Township,48717,27,0,,1,11,15,715,100,603,12,0
Hazleton,25191,83,1,,2,26,54,631,242,358,31,5
Heidelberg,1246,3,0,,0,0,3,5,2,3,0,0
"Heidelberg Township, Berks County",1738,1,0,,0,0,1,10,0,10,0,0
Hellam Township,8691,21,0,,4,0,17,91,14,70,7,1
Hellertown,5857,18,0,,0,1,17,67,15,52,0,0
Hemlock Township,2246,1,0,,0,1,0,105,7,95,3,0
"Hempfield Township, Mercer County",3777,6,1,,1,0,4,168,25,137,6,0
Hermitage,16163,38,0,,5,15,18,559,67,488,4,1
Hickory Township,2443,1,0,,1,0,0,17,4,12,1,0
Highland Township,1288,0,0,,0,0,0,1,0,1,0,0
Highspire,2384,9,1,,0,2,6,77,10,66,1,0
Hilltown Township,15199,13,1,,2,2,8,222,40,180,2,0
Hollidaysburg,5836,3,0,,1,1,1,51,4,45,2,2
Homestead,3152,43,2,,2,24,15,236,38,179,19,0
Honesdale,4294,20,0,,1,2,17,120,18,98,4,0
Honey Brook,1749,2,0,,0,0,2,1,0,1,0,0
Horsham Township,26397,25,0,,5,5,15,206,37,160,9,2
Hughesville,2150,2,0,,0,1,1,28,2,26,0,0
Hulmeville,1011,0,0,,0,0,0,2,0,2,0,0
Hummelstown,4517,1,0,,0,0,1,66,11,51,4,0
Huntingdon,7068,12,0,,0,0,12,60,1,57,2,0
"Independence Township, Beaver County",2487,0,0,,0,0,0,21,7,9,5,0
"Independence Township, Washington County",1544,0,0,,0,0,0,10,2,6,2,0
Indiana,13942,199,0,,9,6,184,249,23,224,2,2
Indiana Township,7324,4,0,,1,0,3,50,11,39,0,0
Indian Lake,394,1,0,,0,0,1,1,1,0,0,0
Ingram,3319,0,0,,0,0,0,29,7,20,2,0
Irwin,3921,19,0,,0,0,19,58,14,44,0,0
Ivyland,1041,1,0,,0,0,1,7,2,5,0,0
"Jackson Township, Butler County",3643,0,0,,0,0,0,27,18,9,0,0
"Jackson Township, Cambria County",4297,2,0,,0,0,2,10,4,5,1,0
Jamestown,605,0,0,,0,0,0,13,4,8,1,0
Jeannette,9493,7,0,,0,2,5,77,14,63,0,1
Jefferson Hills Borough,11102,10,0,,0,2,8,91,21,67,3,0
"Jefferson Township, Lackawanna County",3775,5,0,,1,0,4,20,8,9,3,0
"Jefferson Township, Mercer County",1862,2,0,,0,0,2,16,4,11,1,0
"Jefferson Township, Washington County",1168,0,0,,0,0,0,0,0,0,0,0
Jenkins Township,4477,4,0,,0,1,3,68,11,55,2,0
Jenkintown,4449,2,0,,0,0,2,22,5,17,0,0
Jennerstown,683,0,0,,0,0,0,1,0,1,0,0
Jermyn,2165,23,0,,0,0,23,47,16,29,2,0
Jim Thorpe,4734,8,0,,0,1,7,113,11,100,2,0
Johnsonburg,2435,8,0,,0,3,5,51,11,40,0,1
Johnstown,21954,129,7,,2,44,76,802,277,497,28,7
Kenhorst,2870,13,0,,1,4,8,44,9,34,1,0
Kennedy Township,7848,25,0,,2,4,19,119,8,108,3,0
Kennett Square,6126,11,0,,1,3,7,92,16,72,4,0
Kidder Township,1947,9,0,,0,1,8,100,17,83,0,0
Kilbuck Township,702,0,0,,0,0,0,6,0,6,0,0
Kingston,13117,21,0,,0,10,11,323,57,255,11,3
Kingston Township,7035,10,0,,0,2,8,53,7,43,3,1
Kittanning,3966,7,0,,0,6,1,19,1,18,0,1
Kline Township,1422,0,0,,0,0,0,29,2,27,0,0
Knox,1141,2,0,,0,0,2,16,3,13,0,1
Kutztown,5003,10,0,,1,6,3,148,24,116,8,0
Laceyville,371,0,0,,0,0,0,0,0,0,0,0
Lake City,3020,2,0,,0,0,2,63,8,55,0,2
Lamar Township,2547,0,0,,0,0,0,11,5,6,0,0
Lancaster,59370,497,5,,53,249,190,2692,441,2165,86,19
"Lancaster Township, Butler County",2534,0,0,,0,0,0,13,2,11,0,0
"Lancaster Township, Lancaster County",17084,20,0,,5,8,7,502,115,365,22,1
Langhorne Manor,1439,2,0,,0,0,2,7,3,3,1,0
Lansdale,16395,34,0,,7,9,18,246,13,224,9,2
Lansdowne,10621,33,0,,4,12,17,249,61,175,13,2
Larksville,4463,9,0,,2,0,7,92,15,74,3,0
Latimore Township,2582,0,0,,0,0,0,20,2,18,0,0
Latrobe,8204,27,0,,1,2,24,201,23,167,11,2
Laureldale,3905,6,0,,1,2,3,28,6,21,1,0
Lawrence Park Township,3933,6,0,,0,0,6,33,4,29,0,0
"Lawrence Township, Clearfield County",7583,59,0,,5,4,50,260,33,223,4,0
"Lawrence Township, Tioga County",1748,4,0,,0,0,4,1,0,0,1,0
Lawrenceville,622,3,0,,0,0,3,6,2,4,0,0
Lebanon,25583,103,2,,2,62,37,785,139,623,23,7
Leechburg,2110,2,0,,0,0,2,17,6,11,0,0
Leetsdale,1214,6,1,,0,0,5,43,3,39,1,0
Lehighton,5417,11,0,,0,4,7,160,34,118,8,2
"Lehigh Township, Northampton County",10482,5,0,,1,0,4,144,35,103,6,1
Lehman Township,3518,10,1,,0,0,9,28,4,22,2,0
Lewistown,8370,40,0,,3,2,35,320,46,267,7,2
Liberty,2549,1,0,,0,0,1,15,0,15,0,0
Ligonier,1547,5,0,,0,0,5,19,3,14,2,0
Ligonier Township,6541,8,0,,0,1,7,32,4,27,1,0
Limerick Township,18619,2,0,,1,1,0,480,33,439,8,1
Lincoln,1073,1,0,,1,0,0,12,4,7,1,1
Linesville,1016,2,0,,0,0,2,7,2,5,0,0
Lititz,9389,5,0,,1,0,4,78,19,55,4,2
Little Beaver Township,1389,0,0,,0,0,0,0,0,0,0,0
Littlestown,4434,9,0,,0,1,8,89,13,75,1,0
Lock Haven,9806,17,0,,4,5,8,221,38,178,5,3
Locust Township,2540,4,0,,0,0,4,35,18,17,0,1
Logan Township,12340,47,0,,1,1,45,247,12,228,7,2
Loretto,1390,0,0,,0,0,0,0,0,0,0,0
Lower Allen Township,18040,17,0,,6,5,6,302,41,255,6,1
Lower Burrell,11605,9,0,,1,0,8,132,27,102,3,0
Lower Chichester Township,3470,33,0,,1,6,26,88,7,75,6,0
Lower Frederick Township,4883,1,0,,0,0,1,46,5,41,0,1
Lower Gwynedd Township,11546,14,0,,1,4,9,182,22,155,5,0
Lower Heidelberg Township,5630,3,0,,0,0,3,50,4,46,0,0
Lower Mahanoy Township,473,0,0,,0,0,0,0,0,0,0,0
Lower Makefield Township,32667,28,0,,3,6,19,474,71,383,20,0
Lower Merion Township,58226,42,0,,2,25,15,1090,257,798,35,0
Lower Milford Township,3832,0,0,,0,0,0,0,0,0,0,0
Lower Moreland Township,13122,7,0,,0,4,3,163,41,119,3,0
Lower Paxton Township,47692,81,2,,19,25,35,1024,170,833,21,3
Lower Pottsgrove Township,12156,25,1,,2,5,17,305,38,256,11,0
Lower Providence Township,25672,50,0,,1,3,46,265,50,209,6,0
Lower Salford Township,15319,5,0,,0,0,5,63,17,45,1,0
Lower Saucon Township,10803,10,1,,0,0,9,95,20,73,2,0
Lower Southampton Township,19027,22,1,,0,9,12,335,58,266,11,1
Lower Swatara Township,8331,7,1,,1,2,3,129,14,111,4,1
Lower Windsor Township,7404,4,0,,1,0,3,78,11,57,10,2
Luzerne,2853,5,0,,2,0,3,80,15,63,2,0
Luzerne Township,5981,1,0,,0,0,1,29,2,27,0,0
Lykens,1771,0,0,,0,0,0,22,4,18,0,1
Macungie,3114,2,0,,0,0,2,9,4,4,1,0
Mahanoy City,4106,10,1,,2,2,5,134,35,94,5,2
"Mahoning Township, Lawrence County",3014,5,0,,0,0,5,41,6,34,1,0
Main Township,1305,0,0,,0,0,0,0,0,0,0,0
Malvern,3041,4,0,,0,0,4,17,0,16,1,0
Manheim Township,38857,26,0,,5,13,8,829,92,721,16,3
Manor,3282,3,0,,1,0,2,24,9,14,1,0
"Manor Township, Armstrong County",4235,0,0,,0,0,0,0,0,0,0,0
"Manor Township, Lancaster County",20106,11,1,,2,1,7,248,40,200,8,1
Mansfield,3629,1,0,,0,0,1,4,0,4,0,0
Marcus Hook,2394,30,0,,0,0,30,86,3,80,3,1
Marietta,2589,2,0,,0,1,1,47,13,33,1,1
"Marion Township, Beaver County",912,0,0,,0,0,0,2,0,2,0,0
"Marion Township, Berks County",1768,0,0,,0,0,0,11,6,4,1,0
Marlborough Township,3288,1,0,,1,0,0,13,4,8,1,0
Marple Township,23554,12,0,,1,5,6,372,34,331,7,3
Mars,1681,1,0,,1,0,0,12,2,10,0,0
Martinsburg,1946,0,0,,0,0,0,29,3,25,1,0
Masontown,3419,4,0,,0,0,4,98,29,67,2,0
McCandless,28792,12,0,,0,0,12,240,19,218,3,0
McDonald Borough,2131,8,0,,0,0,8,39,8,29,2,0
McKeesport,21456,407,7,,7,72,321,710,232,446,32,18
McKees Rocks,6086,98,1,,1,44,52,298,91,196,11,1
McSherrystown,3036,1,0,,0,0,1,15,3,12,0,0
Meadville,13227,17,0,,2,1,14,372,104,258,10,4
Mechanicsburg,8962,10,0,,2,6,2,175,24,149,2,10
Media,5337,30,0,,0,2,28,60,2,56,2,1
Mercer,1967,1,0,,0,1,0,22,7,15,0,0
Meshoppen,1479,14,0,,0,1,13,23,3,20,0,0
Meyersdale,2135,0,0,,0,0,0,6,2,4,0,0
Middleburg,1290,1,0,,0,1,0,43,2,40,1,1
"Middlesex Township, Butler County",5448,6,0,,3,0,3,43,10,33,0,1
"Middlesex Township, Cumberland County",7235,9,0,,1,5,3,204,22,169,13,0
Middletown Township,45526,32,0,,0,15,17,1236,129,1057,50,3
Midland,2600,14,0,,1,0,13,68,8,58,2,2
Midway,906,1,0,,0,0,1,9,3,6,0,0
Mifflinburg,3518,1,0,,0,0,1,35,3,32,0,0
Mifflin County Regional,16944,13,0,,1,2,10,260,31,223,6,0
Milford,1002,3,0,,0,0,3,36,8,28,0,0
Millbourne,1163,8,0,,0,5,3,27,1,25,1,0
"Millcreek Township, Lebanon County",5513,2,0,,1,0,1,50,9,41,0,1
Millersburg,2539,3,0,,0,0,3,50,6,44,0,0
Millersville,8327,14,0,,6,4,4,123,29,93,1,0
Millvale,3733,4,0,,1,3,0,88,18,70,0,0
Millville,944,0,0,,0,0,0,7,1,6,0,0
Milton,7024,16,0,,0,2,14,121,19,101,1,4
Minersville,4313,9,0,,0,0,9,42,5,32,5,0
Mohnton,3047,5,0,,2,0,3,34,18,16,0,1
Monaca,5743,10,0,,0,2,8,141,21,110,10,0
Monessen,7596,84,0,,1,14,69,273,63,203,7,0
Monongahela,4254,23,0,,0,5,18,145,32,110,3,0
Monroeville,28401,59,1,,2,15,41,398,52,333,13,1
Montgomery Township,25675,15,0,,0,7,8,389,27,359,3,1
Montoursville,4631,9,0,,1,0,8,143,14,129,0,0
Montour Township,1331,1,0,,0,0,1,15,4,11,0,1
Montrose,1571,7,0,,1,0,6,10,1,9,0,0
Moon Township,24987,14,0,,2,6,6,284,51,229,4,0
Moore Township,9247,4,1,,0,0,3,76,12,60,4,0
Moosic,5741,31,1,,3,1,26,191,29,152,10,0
Morton,2679,13,0,,1,2,10,94,1,92,1,0
Moscow,2022,4,0,,0,0,4,17,3,14,0,0
Mount Carmel,5841,33,0,,1,2,30,126,32,93,1,3
Mount Carmel Township,3124,5,0,,0,0,5,21,3,15,3,0
Mount Gretna Borough,198,0,0,,0,0,0,0,0,0,0,0
Mount Holly Springs,2029,2,0,,0,0,2,45,5,40,0,0
Mount Joy,7984,10,0,,1,0,9,148,23,123,2,0
Mount Lebanon,33093,18,0,,0,5,13,242,46,194,2,1
Mount Pleasant,4446,3,0,,0,1,2,53,8,44,1,0
Mount Pleasant Township,3533,2,0,,0,0,2,30,6,24,0,0
Mount Union,2411,6,0,,0,1,5,31,13,18,0,0
Mountville,2834,3,0,,0,2,1,39,9,30,0,0
Muhlenberg Township,19867,33,0,,1,21,11,666,70,572,24,0
Muncy,2480,1,0,,0,0,1,30,2,26,2,0
Muncy Township,1115,2,0,,0,0,2,82,4,78,0,0
Munhall,11373,31,2,,0,11,18,230,48,160,22,2
Murrysville,20262,6,1,,0,0,5,129,30,95,4,0
Myerstown,3112,12,0,,0,3,9,46,3,36,7,0
Nanticoke,10406,12,0,,0,7,5,290,72,209,9,2
Narberth,4299,2,0,,0,0,2,52,21,31,0,0
Nazareth,5713,17,0,,2,1,14,73,20,53,0,0
Nescopeck,1570,1,0,,0,0,1,25,9,15,1,0
Nesquehoning,3308,11,0,,1,0,10,76,6,70,0,1
Nether Providence Township,13758,11,2,,0,2,7,143,30,108,5,0
Neville Township,1080,7,0,,0,4,3,34,0,33,1,0
Newberry Township,15361,9,0,,2,1,6,270,52,212,6,1
New Bethlehem,2835,2,0,,0,0,2,13,1,12,0,0
New Brighton,9145,41,0,,2,16,23,302,59,242,1,1
New Britain,3147,2,0,,0,0,2,14,3,11,0,0
New Britain Township,11075,5,0,,0,3,2,73,10,61,2,1
New Castle,22729,210,0,,20,56,134,1048,445,570,33,11
New Castle Township,405,1,0,,0,0,1,19,0,19,0,0
New Florence,676,0,0,,0,0,0,4,0,4,0,0
New Garden Township,12109,11,0,,0,5,6,143,26,108,9,1
New Hanover Township,11943,4,0,,0,1,3,81,18,61,2,0
New Holland,5416,2,0,,1,0,1,105,15,89,1,0
New Hope,2522,19,0,,2,0,17,89,13,75,1,0
New Kensington,12916,46,0,,9,18,19,359,51,291,17,2
New Philadelphia,1072,3,0,,0,0,3,5,4,0,1,0
New Sewickley Township,7526,14,0,,0,0,14,124,26,94,4,1
Newton Township,2865,0,0,,0,0,0,8,1,7,0,0
Newtown,2240,2,0,,0,0,2,26,3,23,0,0
"Newtown Township, Bucks County",22596,5,0,,1,3,1,197,37,157,3,0
"Newtown Township, Delaware County",12292,6,0,,0,0,6,125,16,104,5,0
Newville,1326,3,0,,0,0,3,64,10,54,0,0
Norristown,34453,324,3,,15,185,121,1068,274,690,104,7
Northampton,9937,7,0,,3,2,2,158,23,125,10,2
Northampton Township,39772,10,0,,3,2,5,185,39,143,3,1
North Annville Township,2423,0,0,,0,0,0,6,2,4,0,0
North Beaver,4066,0,0,,0,0,0,5,1,3,1,0
North Belle Vernon,1936,12,0,,0,2,10,60,13,45,2,0
North Cornwall Township,7734,9,0,,1,4,4,200,9,187,4,0
North Coventry Township,7942,5,1,,2,0,2,205,24,176,5,0
Northeastern Regional,11477,23,0,,10,1,12,189,30,158,1,0
Northern Berks Regional,12954,4,0,,1,1,2,129,17,104,8,0
Northern Cambria Borough,3741,5,0,,0,1,4,76,15,58,3,0
Northern Lancaster County Regional,33488,43,0,,7,2,34,346,49,286,11,1
Northern Regional,32008,6,1,,2,0,3,268,19,244,5,0
Northern York Regional,67657,73,1,,5,13,54,965,139,802,24,12
North Franklin Township,4590,8,0,,1,6,1,107,18,80,9,1
North Hopewell Township,2799,0,0,,0,0,0,8,2,4,2,0
North Huntingdon Township,30787,26,2,,2,4,18,401,47,341,13,0
North Lebanon Township,11642,22,0,,0,5,17,359,29,326,4,0
North Londonderry Township,8243,3,0,,0,0,3,124,14,110,0,0
North Middleton Township,11314,19,0,,0,0,19,109,17,90,2,1
North Sewickley Township,5629,11,0,,0,3,8,57,8,45,4,1
North Strabane Township,13833,5,0,,1,0,4,153,24,125,4,0
Northumberland,3780,3,0,,2,0,1,64,11,50,3,0
North Union Township,1460,0,0,,0,0,0,0,0,0,0,0
North Versailles Township,12383,34,0,,1,13,20,158,25,131,2,0
North Wales,3239,3,0,,0,1,2,47,6,38,3,1
Northwest Lancaster County Regional,18776,6,0,,2,1,3,165,0,163,2,0
North Woodbury,2717,0,0,,0,0,0,13,1,11,1,0
Norwood,5891,3,0,,0,1,2,146,16,127,3,0
Oakland,600,0,0,,0,0,0,3,0,2,1,0
Oakmont,6406,20,0,,1,2,17,96,17,78,1,0
O'Hara Township,8453,0,0,,0,0,0,72,15,55,2,0
Ohio Township,5917,0,0,,0,0,0,70,0,70,0,0
Oil City,10320,13,0,,3,2,8,160,18,133,9,1
Old Lycoming Township,5049,5,1,,0,2,2,126,25,97,4,0
Oley Township,3673,0,0,,0,0,0,18,6,10,2,0
Olyphant,5199,3,0,,0,1,2,27,6,20,1,1
Orwigsburg,3053,5,0,,0,0,5,34,4,28,2,0
Osceola Township,666,0,0,,0,0,0,1,1,0,0,0
Oxford,5129,12,0,,0,2,10,105,24,73,8,0
Paint Township,5237,22,0,,0,0,22,79,29,47,3,0
Palmerton,5362,5,0,,0,0,5,120,18,98,4,0
Palmyra,7449,8,0,,0,3,5,134,18,113,3,0
Palo Alto,1020,1,0,,0,0,1,9,1,8,0,0
Parkesburg,3638,8,0,,2,2,4,49,6,40,3,0
Parks Township,2707,0,0,,0,0,0,0,0,0,0,0
Patterson Township,2999,4,0,,1,1,2,65,22,40,3,0
Patton Township,15513,6,0,,1,4,1,195,16,178,1,0
Paxtang,1550,5,0,,0,4,1,86,6,78,2,0
Pen Argyl,3570,13,0,,0,0,13,60,18,38,4,0
Penbrook4,2985,6,0,,0,2,4,56,14,36,6,0
Penn,489,0,0,,0,0,0,2,1,1,0,0
Penndel,2232,3,0,,0,1,2,42,8,33,1,0
Penn Hills,42295,155,3,,9,45,98,861,273,542,46,10
Pennridge Regional,11039,4,1,,1,0,2,97,21,76,0,3
"Penn Township, Butler County",5055,2,0,,0,0,2,35,2,31,2,0
"Penn Township, Perry County",3187,2,0,,1,0,1,67,13,53,1,0
"Penn Township, Westmoreland County",19870,15,0,,0,1,14,76,11,61,4,0
"Penn Township, York County",15688,24,0,,0,3,21,264,17,243,4,1
Pequea Township,4626,4,0,,0,0,4,50,10,36,4,0
Perkasie,8527,7,0,,2,1,4,169,22,142,5,2
Perryopolis,1767,3,0,,1,1,1,16,7,9,0,0
Peters Township,21730,9,0,,1,1,7,117,17,97,3,0
Philadelphia,1553153,17074,247,,1279,7562,7986,53452,10408,37253,5791,
Phoenixville,16531,36,0,,1,11,24,284,29,247,8,0
Pine Creek Township,3275,0,0,,0,0,0,11,3,8,0,0
Pine Grove,2160,8,0,,0,0,8,28,5,21,2,0
Pitcairn,3284,35,0,,1,10,24,150,47,101,2,0
Pittsburgh,307632,2259,45,,78,956,1180,10047,2173,7258,616,208
Pittston,7710,8,0,,0,1,7,217,37,178,2,0
Plains Township,9929,9,0,,0,4,5,309,46,255,8,0
Pleasant Hills,8294,1,0,,0,1,0,115,13,97,5,0
"Plymouth Township, Montgomery County",16647,29,0,,3,18,8,649,73,551,25,3
Pocono Mountain Regional,38878,68,4,,13,16,35,977,414,542,21,7
Pocono Township,10951,11,0,,0,1,10,247,47,192,8,0
Point Township,3749,11,0,,0,0,11,46,7,39,0,1
Portage,2573,2,0,,0,1,1,39,4,35,0,0
Portersville,236,0,0,,0,0,0,0,0,0,0,0
Portland,518,0,0,,0,0,0,0,0,0,0,0
Port Vue,3787,5,1,,0,0,4,36,7,29,0,0
Pottstown,22509,170,2,,37,63,68,1220,219,959,42,7
Pottsville,14070,37,1,,3,10,23,291,53,223,15,3
Pringle,976,1,0,,0,1,0,56,3,49,4,0
Prospect,1161,0,0,,0,0,0,0,0,0,0,0
"Pulaski Township, Lawrence County",3370,9,0,,0,0,9,34,8,23,3,0
Punxsutawney,5883,6,0,,3,2,1,111,17,91,3,0
Pymatuning Township,3238,6,0,,1,0,5,119,43,65,11,1
Quakertown,8950,21,0,,1,1,19,253,31,216,6,0
Quarryville,2657,9,0,,1,1,7,66,7,59,0,0
Raccoon Township,3049,2,0,,0,0,2,15,3,12,0,0
Radnor Township,31527,29,0,,1,4,24,331,37,287,7,0
Rankin,2118,22,0,,0,4,18,19,7,11,1,2
Reading,88107,743,11,,50,328,354,2799,1040,1465,294,27
Reading Township,5794,5,0,,0,0,5,23,4,19,0,0
Redstone Township,5516,2,0,,0,0,2,17,6,11,0,0
Reserve Township,3330,2,1,,0,0,1,64,13,47,4,3
Rice Township,3533,1,0,,0,0,1,38,14,23,1,0
"Richland Township, Bucks County",13135,6,0,,3,1,2,339,28,305,6,2
"Richland Township, Cambria County",12581,16,1,,1,9,5,647,27,610,10,0
Ridgway,3987,1,0,,0,0,1,91,12,76,3,1
Ridley Park,7007,13,0,,1,1,11,103,17,79,7,0
Ridley Township,30994,51,0,,3,17,31,556,51,462,43,1
Ringtown,806,0,0,,0,0,0,3,2,1,0,0
Riverside,1933,0,0,,0,0,0,30,3,27,0,0
Roaring Brook Township,1966,0,0,,0,0,0,10,2,7,1,0
Roaring Spring,2574,1,0,,0,0,1,49,4,44,1,0
Robeson Township,7326,6,0,,0,0,6,79,26,49,4,0
"Robinson Township, Allegheny County",13586,26,0,,1,4,21,352,21,325,6,0
"Robinson Township, Washington County",1930,2,0,,0,0,2,20,7,12,1,0
Rochester,3613,69,0,,6,10,53,295,46,231,18,0
Rochester Township,2780,10,0,,0,1,9,42,2,37,3,0
Rockledge,2552,6,0,,0,1,5,44,2,41,1,0
Roseto,1564,2,0,,0,0,2,34,4,28,2,0
Ross Township,31140,39,0,,0,12,27,740,57,675,8,0
Royalton,1068,0,0,,0,0,0,0,0,0,0,0
Royersford,4787,20,0,,2,2,16,70,10,59,1,1
Rural Valley,870,0,0,,0,0,0,0,0,0,0,0
Rush Township,3384,4,0,,3,0,1,125,19,106,0,0
Ryan Township,2528,0,0,,0,0,0,6,2,4,0,0
"Sadsbury Township, Chester County",3762,0,0,,0,0,0,26,5,19,2,0
"Salem Township, Luzerne County",4252,5,0,,0,0,5,54,15,38,1,1
Salisbury Township,13672,8,0,,1,2,5,304,46,248,10,0
Saltsburg,861,0,0,,0,0,0,17,3,14,0,0
Sandy Lake,651,1,0,,0,0,1,2,0,2,0,0
Sandy Township,10633,22,0,,1,6,15,340,36,301,3,0
Sankertown,662,0,0,,0,0,0,0,0,0,0,0
Sayre,6583,9,0,,3,0,6,153,26,125,2,0
"Schuylkill Township, Chester County",8542,4,0,,0,0,4,70,13,57,0,0
Scottdale,4312,27,0,,5,0,22,94,8,84,2,0
"Scott Township, Allegheny County",17015,10,0,,2,5,3,165,16,145,4,1
Scranton,75732,166,2,,18,71,75,2277,549,1614,114,24
Selinsgrove,5560,79,0,,1,4,74,183,45,136,2,1
Seward,486,0,0,,0,0,0,2,1,1,0,0
Sewickley,4363,3,0,,0,1,2,82,6,75,1,0
Sewickley Heights,819,0,0,,0,0,0,4,1,3,0,0
Shade Township,2715,0,0,,0,0,0,32,11,21,0,0
Shaler Township,28781,12,1,,0,5,6,314,66,245,3,0
Shamokin,7303,4,0,,0,1,3,36,9,26,1,2
Sharon Hill,5696,61,0,,2,11,48,197,22,164,11,0
Sharpsburg,3438,15,0,,1,1,13,74,17,55,2,0
Sharpsville,4330,18,0,,0,1,17,63,9,49,5,0
Shenandoah,4976,17,0,,0,6,11,179,39,136,4,3
Shillington,5257,2,0,,0,0,2,65,23,40,2,0
Shinglehouse,1130,1,0,,0,0,1,1,1,0,0,0
Shippensburg4,5496,4,1,,2,1,0,94,6,88,0,3
Shippingport,214,2,0,,0,0,2,0,0,0,0,0
Shohola Township,2413,1,0,,0,0,1,16,8,7,1,0
Silver Lake Township,1689,3,0,,0,0,3,12,7,4,1,0
Silver Spring Township4,14743,3,0,,0,2,1,153,10,143,0,0
Sinking Spring,4005,0,0,,0,0,0,63,15,47,1,0
Slatington,4272,4,0,,0,1,3,109,15,90,4,0
Slippery Rock,3676,7,0,,0,1,6,37,4,33,0,0
Smethport,1631,3,0,,0,0,3,19,7,11,1,0
Smithton Borough,391,0,0,,0,0,0,2,0,2,0,0
Solebury Township,8701,3,0,,1,1,1,82,20,61,1,0
Somerset,6154,7,0,,0,0,7,171,29,139,3,0
Souderton,6647,18,0,,1,4,13,108,23,78,7,1
South Abington Township,9162,10,1,,0,1,8,83,12,68,3,1
South Buffalo Township,2635,1,0,,0,0,1,18,1,15,2,0
South Centre Township,4216,2,0,,0,0,2,6,1,5,0,1
South Coatesville,1409,1,0,,0,0,1,0,0,0,0,0
South Connellsville Borough,1952,3,0,,0,0,3,25,1,24,0,0
"Southern Regional, Lancaster County",3812,5,0,,0,1,4,25,8,17,0,1
"Southern Regional, York County",10658,5,0,,0,1,4,138,27,109,2,1
South Fayette Township,15079,5,0,,1,2,2,80,12,64,4,1
South Greensburg,2087,3,0,,0,1,2,24,4,18,2,0
South Heidelberg Township,7354,6,0,,0,0,6,66,8,56,2,0
South Lebanon Township,9614,7,0,,0,1,6,120,16,104,0,1
South Londonderry Township,7213,2,0,,0,2,0,51,4,47,0,0
South Park Township,13528,8,0,,0,2,6,39,14,23,2,0
South Pymatuning Township,2651,1,0,,1,0,0,26,9,16,1,0
South Strabane Township,9564,22,2,,3,9,8,521,25,489,7,0
Southwestern Regional,17544,12,0,,1,0,11,119,18,99,2,0
Southwest Greensburg,2117,7,0,,0,1,6,26,6,18,2,0
"Southwest Regional, Fayette County",1619,10,0,,0,0,10,40,13,27,0,0
"Southwest Regional, Washington County",9093,0,0,,0,0,0,11,2,9,0,0
South Whitehall Township,19578,13,0,,1,2,10,683,88,582,13,5
South Williamsport,6399,6,0,,1,3,2,117,20,96,1,0
Spring City,3335,6,0,,2,0,4,87,9,77,1,0
Springettsbury Township,26716,30,0,,3,16,11,892,34,846,12,2
"Springfield Township, Delaware County",24267,10,0,,1,4,5,649,43,579,27,0
"Springfield Township, Montgomery County",19500,13,0,,0,1,12,204,43,154,7,0
Spring Garden Township,12944,28,0,,1,11,16,320,62,247,11,1
"Spring Township, Berks County",27450,19,0,,1,5,13,278,25,245,8,3
"Spring Township, Centre County",7664,0,0,,0,0,0,65,7,58,0,0
State College,56612,41,0,,5,13,23,707,101,596,10,11
St. Clair Boro,2952,2,0,,0,0,2,67,2,65,0,0
Steelton,5951,26,0,,2,11,13,199,47,145,7,1
St. Marys City,12874,10,1,,3,0,6,205,31,171,3,2
Stoneboro,1031,1,0,,0,0,1,6,1,5,0,0
Stowe Township,6347,13,0,,0,3,10,217,39,171,7,0
Strasburg,2847,1,0,,0,0,1,33,7,25,1,0
Stroud Area Regional,34404,72,0,,17,17,38,1258,115,1120,23,3
Sugarcreek,5219,4,0,,1,1,2,78,9,69,0,0
"Sugarloaf Township, Luzerne County",4240,1,0,,0,0,1,17,5,12,0,0
Summerhill Township,2421,1,0,,1,0,0,27,5,21,1,0
Summit Hill,3002,2,0,,0,1,1,9,2,7,0,0
Summit Township,2252,0,0,,0,0,0,3,0,3,0,0
Susquehanna,1602,2,0,,0,0,2,13,3,10,0,0
Susquehanna Regional,8049,8,0,,3,0,5,85,23,62,0,1
"Susquehanna Township, Dauphin County",24443,46,1,,4,18,23,369,68,284,17,0
Swatara Township,23857,63,0,,2,27,34,866,96,760,10,8
Swissvale,8962,90,1,,0,17,72,241,50,171,20,2
Swoyersville,5050,7,0,,1,1,5,86,29,56,1,0
Sykesville,1142,0,0,,0,0,0,0,0,0,0,0
Tamaqua,6972,12,0,,1,4,7,237,40,191,6,3
Tarentum,4518,11,0,,1,2,8,97,13,81,3,0
Tatamy,1142,0,0,,0,0,0,7,2,4,1,0
Taylor,6252,15,0,,0,4,11,274,19,246,9,0
Telford,4880,14,0,,6,0,8,37,1,36,0,0
Terre Hill4,1334,0,0,,0,0,0,18,9,9,0,0
Throop,4100,16,0,,0,0,16,40,10,29,1,0
Tiadaghton Valley Regional,6693,10,0,,3,1,6,154,14,138,2,0
Tidioute,675,0,0,,0,0,0,4,0,4,0,0
"Tinicum Township, Bucks County",3982,1,0,,1,0,0,20,5,15,0,0
"Tinicum Township, Delaware County",4096,17,0,,2,5,10,146,8,130,8,1
Titusville,5470,7,0,,0,3,4,137,16,121,0,0
Towamencin Township,18117,14,0,,1,1,12,127,29,94,4,2
Towanda,2900,17,0,,1,0,16,92,9,80,3,0
Tower City,1328,1,0,,0,0,1,1,0,1,0,0
Trafford,3193,6,0,,1,0,5,52,14,32,6,0
Trainer,1846,21,0,,1,3,17,78,17,58,3,1
Tredyffrin Township,29492,16,0,,3,4,9,224,56,164,4,0
Troy,1312,1,0,,0,0,1,22,9,13,0,0
Tulpehocken Township,3275,0,0,,0,0,0,10,3,7,0,0
"Tunkhannock Township, Wyoming County",6297,2,0,,1,1,0,68,7,61,0,0
Turtle Creek,5331,10,0,,0,0,10,9,5,4,0,0
Tyrone,5444,21,0,,3,2,16,144,11,131,2,1
Union City,3274,1,0,,0,0,1,110,8,102,0,0
Uniontown,10190,47,2,,3,23,19,446,113,322,11,0
"Union Township, Lawerence County",5088,7,0,,0,1,6,248,2,244,2,0
Upland,3246,37,0,,3,7,27,117,38,69,10,1
Upper Burrell Township,2302,0,0,,0,0,0,30,10,19,1,0
Upper Chichester Township,16929,38,1,,2,10,25,482,86,373,23,3
Upper Darby Township,82771,450,2,,20,227,201,1852,225,1487,140,10
Upper Dublin Township,26262,14,0,,4,4,6,234,25,198,11,1
Upper Gwynedd Township,15848,11,0,,4,0,7,82,18,61,3,1
Upper Leacock Township,8836,2,1,,0,0,1,134,31,94,9,0
Upper Macungine Township,21972,10,0,,2,3,5,311,40,262,9,1
Upper Makefield Township,8273,3,0,,0,0,3,57,15,42,0,0
Upper Merion Township,28585,21,0,,2,14,5,1157,69,1063,25,1
Upper Moreland Township,24149,19,2,,1,12,4,457,56,392,9,3
Upper Nazareth Township,6388,8,0,,0,0,8,46,5,41,0,0
Upper Perkiomen,6831,15,0,,6,2,7,111,21,82,8,3
Upper Pottsgrove Township,5387,11,0,,0,0,11,59,13,40,6,0
"Upper Providence Township, Delaware County",10310,2,0,,0,0,2,25,10,14,1,0
"Upper Providence Township, Montgomery County",21699,9,0,,0,4,5,289,40,240,9,0
Upper Saucon Township,15606,4,0,,2,0,2,200,28,168,4,0
Upper Southampton Township,15199,8,0,,0,1,7,200,36,160,4,0
Upper St. Clair Township,19319,5,0,,0,0,5,121,10,108,3,0
Upper Uwchlan Township,11494,1,0,,1,0,0,57,10,46,1,0
Upper Yoder Township,5340,5,0,,0,0,5,21,5,16,0,0
Uwchlan Township,18401,14,0,,2,3,9,210,30,175,5,5
Valley Township,7300,3,0,,0,0,3,118,24,81,13,0
Vandergrift,5120,17,0,,1,2,14,11,4,6,1,0
Vandling,747,1,0,,0,0,1,1,0,1,0,0
Vernon Township,5544,4,0,,0,0,4,79,4,75,0,0
Vintondale,402,0,0,,0,0,0,0,0,0,0,0
Walker Township,1040,1,0,,0,0,1,2,0,2,0,0
Walnutport,2064,0,0,,0,0,0,0,0,0,0,0
Wampum,700,0,0,,0,0,0,10,0,10,0,0
Warminster Township,32802,21,1,,4,9,7,555,50,491,14,3
Warren,9477,46,0,,5,2,39,226,22,196,8,2
Warrington Township,23565,18,0,,3,8,7,283,36,237,10,0
"Warwick Township, Bucks County",14625,19,0,,4,3,12,132,20,112,0,1
"Washington, Washington County",13905,67,1,,10,30,26,600,116,455,29,9
"Washington Township, Fayette County",3838,4,0,,0,0,4,55,9,46,0,0
"Washington Township, Franklin County4",14261,3,0,,0,1,2,240,17,219,4,2
"Washington Township, Northampton County",5155,0,0,,0,0,0,64,21,42,1,0
"Washington Township, Westmoreland County",7354,10,0,,0,0,10,39,7,31,1,0
Watsontown,2368,1,0,,1,0,0,37,3,33,1,2
Waynesboro4,10650,24,1,,3,11,9,242,40,199,3,4
"Wayne Township, Lawrence County",2571,0,0,,0,0,0,16,4,11,1,1
Wellsboro,3300,6,0,,0,0,6,31,3,28,0,0
Wesleyville,3296,3,0,,1,0,2,95,10,83,2,1
West Brandywine Township,7446,7,0,,0,2,5,105,25,70,10,0
West Brownsville,992,0,0,,0,0,0,23,0,23,0,0
West Caln Township,9081,13,0,,1,1,11,67,15,47,5,0
West Carroll Township,1272,0,0,,0,0,0,8,4,3,1,0
West Chester,18988,71,1,,14,28,28,416,90,305,21,0
West Cocalico Township,7315,4,0,,2,1,1,55,15,37,3,0
West Conshohocken,1333,2,0,,0,0,2,25,2,23,0,0
West Cornwall Township,1974,1,0,,0,1,0,4,0,4,0,0
West Deer Township,11880,2,0,,2,0,0,117,34,70,13,0
West Earl Township,7981,6,0,,3,1,2,63,21,42,0,0
Western Berks Regional,4561,1,0,,0,0,1,58,13,43,2,0
West Fallowfield Township,2584,0,0,,0,0,0,21,8,13,0,0
West Goshen Township,22970,13,0,,4,0,9,370,24,338,8,0
West Grove Borough,2867,3,0,,0,0,3,12,2,8,2,0
West Hempfield Township,16337,12,0,,2,2,8,269,27,237,5,4
West Hills Regional,10649,5,0,,0,2,3,92,38,52,2,1
West Homestead,1940,12,0,,0,1,11,27,8,19,0,0
West Kittanning,1159,0,0,,0,0,0,1,0,1,0,0
West Lampeter Township,15465,4,0,,0,2,2,159,26,130,3,0
West Lebanon Township,792,2,0,,0,0,2,73,6,66,1,0
West Leechburg,1273,0,0,,0,0,0,9,4,5,0,0
West Mahanoy Township,2837,0,0,,0,0,0,25,2,21,2,1
West Manchester Township,18831,29,0,,2,6,21,525,40,473,12,3
West Manheim Township,7990,10,0,,1,1,8,62,14,48,0,0
West Mead Township,5164,1,0,,0,0,1,9,5,4,0,1
West Mifflin,20276,57,1,,5,19,32,527,87,424,16,1
West Newton,2591,7,0,,1,2,4,65,7,57,1,0
West Norriton Township,15781,43,0,,2,13,28,409,31,369,9,0
West Nottingham Township,2722,1,0,,0,1,0,16,3,12,1,0
West Pikeland Township,4072,2,0,,0,0,2,26,6,19,1,0
West Pittston,4840,5,0,,0,1,4,129,11,116,2,0
West Pottsgrove Township,3890,17,0,,2,10,5,151,11,137,3,0
West Reading,4201,29,0,,5,8,16,182,16,161,5,1
West Sadsbury Township,2472,2,0,,0,0,2,100,2,98,0,0
West Salem Township,3503,22,0,,4,2,16,95,35,56,4,0
Westtown-East Goshen Regional,32201,24,0,,1,2,21,280,25,247,8,2
West View,6755,6,0,,1,0,5,170,11,152,7,0
West Vincent Township,4856,1,0,,0,0,1,44,5,39,0,0
West Whiteland Township,18452,8,0,,1,6,1,490,38,441,11,0
West York,4578,23,2,,2,0,19,206,20,179,7,3
Whitaker Borough,1271,0,0,,0,0,0,20,6,12,2,0
Whitehall,13936,11,0,,0,0,11,50,11,37,2,0
Whitehall Township,27215,30,1,,6,16,7,1370,157,1171,42,3
Whitemarsh Township,17495,12,0,,1,1,10,191,25,159,7,1
White Oak,7857,7,0,,1,4,2,77,16,57,4,0
Whitpain Township,19152,17,0,,0,5,12,266,42,222,2,0
Wiconisco Township,1201,1,0,,0,0,1,5,1,4,0,0
Wilkes-Barre,41166,208,12,,30,110,56,1389,317,969,103,6
Wilkes-Barre Township,2959,21,0,,0,12,9,764,16,738,10,0
Wilkins Township,6359,6,0,,0,2,4,123,18,96,9,1
Williamsburg,1244,0,0,,0,0,0,14,1,13,0,0
Williamsport,29536,110,5,,10,47,48,1158,228,902,28,12
Willistown Township,10600,5,0,,0,2,3,65,10,54,1,1
Wilson,7844,37,0,,4,12,21,343,56,282,5,1
Wind Gap,2724,3,0,,1,0,2,43,4,35,4,0
Womelsdorf,2818,2,0,,0,0,2,41,6,27,8,0
Woodward Township,2403,1,0,,0,0,1,26,11,15,0,1
Wrightsville,2293,2,0,,0,0,2,67,5,62,0,0
Wright Township,5676,1,0,,0,0,1,58,7,47,4,0
Wyoming,3055,3,0,,0,1,2,111,15,93,3,1
Wyomissing,10479,10,0,,0,6,4,484,12,465,7,1
Yardley,2455,5,0,,1,2,2,28,3,24,1,0
Yeadon,11509,78,0,,3,40,35,377,72,273,32,2
York,43841,348,12,,33,174,129,1481,486,905,90,21
York Area Regional,60995,136,0,,8,19,109,711,135,552,24,5
Youngsville,1686,15,0,,0,0,15,12,4,8,0,0
Zelienople,3771,4,0,,0,0,4,56,2,51,3,0
Zerbe Township,1858,0,0,,0,0,0,17,3,14,0,0
